{"_timestamp":1.7391036337511063e+09,"epoch/val_accuracy":0.7703412175178528,"epoch/val_loss":0.8077152371406555,"epoch/learning_rate":0.0010000000474974513,"epoch/accuracy":0.9638009071350098,"epoch/epoch":4,"epoch/loss":0.11058375984430313,"_step":4,"_runtime":21.5003413,"_wandb":{"runtime":21}}