{"_wandb":{"runtime":20},"epoch/epoch":4,"_timestamp":1.7391032366432734e+09,"epoch/val_accuracy":0.7624672055244446,"epoch/val_loss":0.8223154544830322,"epoch/loss":0.11452815681695938,"_runtime":19.7043151,"epoch/learning_rate":0.0010000000474974513,"_step":4,"epoch/accuracy":0.9621952772140503}